age,female,born_in_us,marital_status,housing_type,educ_3cat,smoke,body_temp,weight,height,htn,tibia_length,upper_waist_circ,grip_strength,adl_total,pulse,walk_quarter_mile,lift_carry_10,ldcw_time,chair_stand_score
73.00347087813391,0,1,2,3,1,3,98.1574642881078,74.33273826417638,191.9176830008049,1,40.14275390401632,96.16134668002238,28.82085318912573,13,71.8652615921709,3,2,399.7316842615038,3
71.17294102998623,0,1,3,5,3,1,100.63507330273106,71.48129651108997,200.7313347629493,1,45.25884300470492,87.95931415561151,34.81328786243421,1,59.57798922505763,2,0,388.6741016883799,4
71.60013835798956,1,1,3,5,2,1,98.51290582894748,79.93629583401396,196.777526031082,1,45.38764668633398,91.09647754574009,31.363226317160645,2,73.07135219178532,1,0,387.5079318356964,1
76.99615532691836,0,0,1,3,3,2,97.70030521351224,70.4158489447088,190.25937681428985,1,42.46909034688712,78.85383036932073,20.459347933873666,1,67.19622917956127,3,0,374.63972166312,4
72.28356283391982,1,1,1,5,3,3,98.30622107984786,83.25862504282597,196.9634174996696,0,45.31684903016343,92.43752480401648,23.39755507921481,4,60.61005617017046,3,0,412.3456316098452,0
